position,p_stressed,p_long
third_to_last,6.373486297005139e-05,0.03157990493210131
